model,accuracy,f1_macro,train_time_sec,inference_time_per_sample_sec,parameters
cnn,0.8875688910484314,0.47021801278833775,246.90222549438477,0.0010803813934326173,958338
lstm,0.8875688910484314,0.47021801278833775,84.20650887489319,0.00019461464881896973,124546
gru,0.8875688910484314,0.47021801278833775,77.47813534736633,0.0003658895492553711,96130
hybrid,0.8875688910484314,0.47021801278833775,59.58711791038513,0.00023244810104370116,157570
resnet,0.8875688910484314,0.47021801278833775,175.94124269485474,0.0008425812721252441,472706
transformer,0.8875688910484314,0.47021801278833775,88.4348304271698,0.0013211722373962403,75650
