model,accuracy,f1_macro,train_time_sec,inference_time_per_sample_sec,parameters
cnn,0.9663169384002686,0.7647045015452798,208.85394263267517,0.0008860669136047364,960015
lstm,0.9706842303276062,0.721229810202,155.44607782363892,0.00017006707191467285,126223
gru,0.9662667512893677,0.7929823329540838,152.11953401565552,0.0001709263324737549,97807
hybrid,0.9825310111045837,0.8324821105257517,139.16846537590027,0.00016813898086547852,159247
resnet,0.984036922454834,0.7597941523788244,134.81343245506287,0.0007587790489196778,474383
transformer,0.9538677930831909,0.7862327372482628,97.47800350189209,0.001304128885269165,77327
