model,accuracy,f1_macro,train_time_sec,inference_time_per_sample_sec,parameters
cnn,0.5547412037849426,0.3309209430553988,66.500235080719,0.0008981559276580811,960015
lstm,0.9168214201927185,0.6519867720882542,37.16808319091797,0.000265333890914917,126223
gru,0.9237989783287048,0.6525358801709196,33.72374081611633,0.000189483642578125,97807
hybrid,0.9741478562355042,0.8020555278963697,29.884647369384766,0.00018537020683288575,159247
resnet,0.9696802496910095,0.6975333265711993,40.04619383811951,0.0007963807582855224,474383
transformer,0.849605917930603,0.5972007633351308,39.13892221450806,0.0010575270652770996,77327
