Method	Accuracy	Precision	Recall	F1
LogisticRegression	0.96044	0.640167	0.569844	0.598854
RandomForest	0.95676	0.635550	0.562142	0.591990
Weighted	0.91612	0.634749	0.444140	0.484168
Dynamic	0.90512	0.630691	0.414753	0.446904
Fuzzy	0.90272	0.625754	0.409274	0.439233
Attention	0.12512	0.041715	0.333227	0.074148
