model,accuracy,f1_macro,train_time_sec,parameters
hybrid,0.9970861673355103,0.7683694382458272,3455.064171552658,159247
resnet,0.951576828956604,0.5018091175399243,1555.1942949295044,474383
